Class,Precision,Recall,F1-Score,Support
High Yield,0.8825639139231194,0.871741302570624,0.8771192249691542,11009
Low Yield,0.883373538689924,0.8649164244186046,0.8740475534747085,11008
Medium Yield,0.752541214657897,0.7767589490389702,0.7644583279101046,11342
