Feature,Importance,Importance_Percent,Cumulative_Importance
Rainfall_mm,0.6411560914546502,64.11560914546503,64.11560914546503
Fertilizer_Used,0.21206825751099082,21.206825751099082,85.32243489656412
Irrigation_Used,0.13759919667393522,13.759919667393522,99.08235456395764
Temperature_Celsius,0.00917645436042361,0.917645436042361,100.0
