Feature,Importance,Importance_Percent,Cumulative_Importance
Rainfall_mm,0.6411560914548143,64.11560914548143,64.11560914548143
Fertilizer_Used,0.21206825751100017,21.206825751100016,85.32243489658144
Irrigation_Used,0.1375991966737619,13.759919667376188,99.08235456395764
Temperature_Celsius,0.009176454360423393,0.9176454360423393,99.99999999999997
