Metric,Value,Unit
R²,0.9108924355294665,ratio
MSE,0.25970813763633205,tons²/ha²
MAE,0.4066862080169058,tons/ha
RMSE,0.5096156764036327,tons/ha
