Metric,Value
Accuracy,0.8371953595731287
Macro Precision,0.8394928890903134
Macro Recall,0.8378055586760662
Macro F1,0.8385417021179892
